exception_type,deal_count,sla_breach_rate,avg_rework_count,avg_manual_steps,avg_total_minutes
none,6689,0.02915233966213186,0.15144266706533113,3.1714755568844373,106.42216076144915
limit_delay,960,0.31666666666666665,0.171875,3.159375,189.46975694444444
incomplete_ssi,762,0.11811023622047244,1.1666666666666667,4.1128608923884515,144.21916010498688
late_confirmation,510,0.703921568627451,0.12745098039215685,3.223529411764706,276.2594117647059
manual_reentry_error,503,0.1172962226640159,1.1669980119284293,4.198807157057654,144.90298210735585
settlement_fail,347,0.7982708933717579,0.15273775216138327,3.0547550432276656,313.0648414985591
duplicate_request,229,0.20087336244541484,1.6419213973799127,4.724890829694323,164.31622998544395
