stage,avg_minutes,median_minutes,p90_minutes,share_of_total_wait
request_to_quote,9.625101666666666,8.116666666666667,18.735000000000007,0.07058160202362587
quote_to_accept,19.15036666666667,13.033333333333333,32.48500000000001,0.14043109418305824
accept_to_limit_check,17.967861666666668,9.416666666666666,35.73500000000007,0.13175969514838679
limit_check_to_capture,25.67367833333333,16.783333333333335,59.305000000000014,0.18826703440250273
capture_to_confirmation,20.843731666666667,15.016666666666667,38.86833333333334,0.15284866842278352
confirmation_to_settlement,43.10768166666667,32.21666666666667,74.33833333333335,0.31611190581964277
